{
  "version": "0.1.0",
  "name": "pump_game",
  "instructions": [
    {
      "name": "createGlobalAta",
      "accounts": [
        {
          "name": "user",
          "isMut": true,
          "isSigner": true
        },
        {
          "name": "globalLockedTokenAccount",
          "isMut": true,
          "isSigner": false
        },
        {
          "name": "programSigner",
          "isMut": false,
          "isSigner": false
        },
        {
          "name": "mint",
          "isMut": false,
          "isSigner": false
        },
        {
          "name": "systemProgram",
          "isMut": false,
          "isSigner": false
        },
        {
          "name": "tokenProgram",
          "isMut": false,
          "isSigner": false
        },
        {
          "name": "rent",
          "isMut": false,
          "isSigner": false
        }
      ],
      "args": []
    },
    {
      "name": "lockTokens",
      "accounts": [
        {
          "name": "user",
          "isMut": true,
          "isSigner": true
        },
        {
          "name": "userTokenAccount",
          "isMut": true,
          "isSigner": false
        },
        {
          "name": "lockingAccount",
          "isMut": true,
          "isSigner": false
        },
        {
          "name": "globalLockedTokenAccount",
          "isMut": true,
          "isSigner": false
        },
        {
          "name": "tokenProgram",
          "isMut": false,
          "isSigner": false
        },
        {
          "name": "systemProgram",
          "isMut": false,
          "isSigner": false
        },
        {
          "name": "rent",
          "isMut": false,
          "isSigner": false
        }
      ],
      "args": [
        {
          "name": "lockType",
          "type": "string"
        },
        {
          "name": "amount",
          "type": "u64"
        }
      ]
    },
    {
      "name": "unlockTokens",
      "accounts": [
        {
          "name": "user",
          "isMut": true,
          "isSigner": true
        },
        {
          "name": "userTokenAccount",
          "isMut": true,
          "isSigner": false
        },
        {
          "name": "lockingAccount",
          "isMut": true,
          "isSigner": false
        },
        {
          "name": "globalLockedTokenAccount",
          "isMut": true,
          "isSigner": false
        },
        {
          "name": "tokenProgram",
          "isMut": false,
          "isSigner": false
        },
        {
          "name": "programSigner",
          "isMut": false,
          "isSigner": false
        }
      ],
      "args": [
        {
          "name": "lockType",
          "type": "string"
        }
      ]
    },
    {
      "name": "adminWithdrawTokens",
      "accounts": [
        {
          "name": "admin",
          "isMut": true,
          "isSigner": true
        },
        {
          "name": "adminTokenAccount",
          "isMut": true,
          "isSigner": false
        },
        {
          "name": "globalLockedTokenAccount",
          "isMut": true,
          "isSigner": false
        },
        {
          "name": "tokenProgram",
          "isMut": false,
          "isSigner": false
        },
        {
          "name": "programSigner",
          "isMut": false,
          "isSigner": false
        }
      ],
      "args": [
        {
          "name": "amount",
          "type": "u64"
        }
      ]
    }
  ],
  "accounts": [
    {
      "name": "LockingAccount",
      "type": {
        "kind": "struct",
        "fields": [
          {
            "name": "owner",
            "type": "publicKey"
          },
          {
            "name": "amount",
            "type": "u64"
          },
          {
            "name": "startTime",
            "type": "u64"
          },
          {
            "name": "endTime",
            "type": "u64"
          },
          {
            "name": "rewardMultiplier",
            "type": "f64"
          },
          {
            "name": "lockType",
            "type": "u8"
          }
        ]
      }
    }
  ],
  "errors": [
    {
      "code": 6000,
      "name": "InvalidLockType",
      "msg": "Invalid lock type."
    },
    {
      "code": 6001,
      "name": "LockPeriodNotOver",
      "msg": "Lock period is not over."
    }
  ],
  "metadata": {
    "address": "AGAtML592JZnHBjDDEZ97DGNy9jwETaPiAxtrBfcXFaX"
  }
}